,Country,Game,Total Links,Network Density,Diameter,Clustering Coefficient
0,Italy,1,42.54545454545455,0.8181818181818182,2.0,0.883838383838384
1,Italy,2,71.0909090909091,0.9090909090909091,2.0,0.9343434343434343
2,Italy,3,34.63636363636363,0.9090909090909091,2.0,0.9148629148629148
3,Italy,4,46.09090909090909,0.9454545454545454,2.0,0.9452380952380952
4,Italy,Average,48.59090909090909,0.8954545454545454,2.0,0.9195707070707071
